feature-id	tissue_mean	tissue_std	tissue_rank	survival_mean	survival_std	survival_rank	inter_mean	inter_std	inter_rank
Marv-74e12a8	-0.10593866356187046	0.6535484018150507	136.0	-2.2667227965956007	4.456940630375916	72.0	-3.3946771968934213	1.4124387389901891	0.0
Subd-330f9b7	0.3895513877551405	0.8452250741580737	255.0	1.1528544722420648	3.8086312484342733	218.0	-3.345155937113109	1.6309690823818783	1.0
Chri-fb2e43a	0.08599940235528959	0.6552243997703694	183.0	-3.2770181541610084	4.5395409267166364	41.0	-2.8247411125808095	1.2747226252906727	2.0
Anae-2ee585c	0.5874223594481316	0.7099798438067855	286.0	-2.587642472280333	3.2497292119968333	55.0	-2.783320552410574	1.5696611110510603	3.0
Lach-b7ff5b3	0.9121254943015639	0.6536302032686411	310.0	-2.323080829141638	5.950283109698117	68.0	-2.3409162235372536	1.6962699094060782	4.0
Turi-4f904eb	0.02014263480155364	1.5074441325665557	168.0	0.5202069160229257	4.092501792979066	192.0	-2.306556122381328	2.087281734984256	5.0
Alis-0ce6000	0.8743624160475584	0.880810594814974	305.0	-1.4195440520479097	4.612126420786413	103.0	-2.246298363155139	1.5032963759085611	6.0
Buty-5f0a87f	0.8063794156711881	0.7476483330852939	301.0	0.996872200833618	2.807869826710947	208.0	-2.1449680674829406	1.1650923692417767	7.0
Barn-53f976e	1.166296834846988	0.9409675144179417	319.0	-0.27341629074974605	3.6638972870988002	154.0	-2.104663999083619	1.492287720178298	8.0
Prev-6b6d13f	0.414609547161202	0.9518729289527208	262.0	-0.9063933859642795	2.692264988488529	123.0	-2.095117606745691	1.726860600193513	9.0
Chri-f7035cb	-0.35772754333885054	0.7075257536118128	77.0	-0.0833572586552689	2.3991049785151044	164.0	-2.037636822759284	1.5570424644985004	10.0
Rhod-a0d65b0	0.6715927005720479	0.8170913379582279	297.0	0.1818387754040855	2.7687855166159987	172.0	-1.9911771175930273	2.582758573671593	11.0
Romb-df3d611	0.418883662109157	0.4822366309960776	263.0	-4.498118529464676	4.788268622698444	20.0	-1.9658753937914069	0.7048820166519478	12.0
Dore-18ef456	0.40858081744080954	0.7695840608099647	259.0	-0.7922632540776294	4.019924735640239	130.0	-1.929194725244605	1.1038717057713392	13.0
Veil-d6403e5	2.2835196893714302	0.9756471395825403	335.0	0.8691516907445086	3.5535393190951856	206.0	-1.873011887928066	1.728702877300275	14.0
Erys-cd33343	-0.11765534999664876	0.8868385896183671	132.0	-0.6660479039815834	5.766424750319163	136.0	-1.7753249715653088	1.8660363769630102	15.0
Rumi-030e364	-0.36095639913564764	0.9387173513745624	76.0	-1.9011132571077733	2.1197309439317387	88.0	-1.745834064798544	1.5628232476235582	16.0
Rumi-6c7b500	0.9622625682304151	0.8019624656171807	314.0	1.7306533854983837	4.709511362869926	244.0	-1.744671735244767	0.929095784106026	17.0
Rhod-1667bf7	0.4708320287508543	0.7699958157972866	274.0	-1.663961123145381	2.2226338336740414	95.0	-1.6927401030722755	1.3725655288680216	18.0
Lach-7079408	0.4537570690307914	0.3185078176908008	272.0	2.820477749803691	1.52520507927156	282.0	-1.6508709464233116	0.6634916308074786	19.0
Rumi-6a57339	1.0469413400965146	0.7168181021350254	316.0	4.517070193842499	3.61515595103053	323.0	-1.6353690602769702	0.838332274227448	20.0
Alis-520887a	-0.1495175739419455	0.7710886387906123	123.0	1.5384944935311033	4.442333706467293	233.0	-1.5016368816901045	1.0397603264516446	21.0
Hydr-6dae81d	1.4029099380868397	0.9470340742952269	327.0	-3.2965068683668783	3.055417571657823	39.0	-1.5010446165863773	1.1934882522315013	22.0
NB1--fab1c84	0.3970124711905714	0.6440827334952731	257.0	-2.423601473054855	3.979045616980204	62.0	-1.4979559423482058	1.0969039401087255	23.0
Sene-781430c	0.7909399089162109	0.6781499990785057	300.0	1.7543282460251484	2.68647833913653	245.0	-1.4353564952216242	1.162517643516413	24.0
Rumi-3efbc4a	-0.187491439687242	0.6345216255248158	111.0	-5.507163951582252	1.2411676628177994	10.0	-1.4275539203408663	0.960434496072482	25.0
Bilo-8954856	0.3307686831082568	0.8558339293301074	241.0	-2.3352930355086876	3.645358273482282	66.0	-1.403749886116653	2.198459473398644	26.0
Lach-026a720	0.13529374522698223	0.42955061007880846	194.0	-1.5102628250628853	2.821881038784749	99.0	-1.3635606986617725	0.7142699695058162	27.0
Marv-f51d9f3	-0.4149336399649867	0.5837421580405951	68.0	-1.5728166872302791	5.798922073716039	96.0	-1.339346029865878	1.0221182343437762	28.0
Buty-62c3369	1.394409408687236	0.9827574823007282	326.0	-3.06844418197257	3.9742958228802223	47.0	-1.3321891540744097	1.5820014268553773	29.0
Lach-7cd4efa	2.1878152417305365	0.7483757581150697	334.0	2.7751250522189963	1.6604747942508342	279.0	-1.3124241181766847	0.8748018226760985	30.0
Rose-417b0f3	0.5675824834871083	1.4460762044418192	284.0	-3.2022059359303827	2.1717572705998	42.0	-1.3098916521977548	1.794325632433257	31.0
Rose-3a89328	1.8713119049921492	0.5996844073138401	332.0	2.730786414270246	1.5031811043534888	278.0	-1.2879879885544863	1.0628829089560794	32.0
Rose-d3864fc	0.23615168526728178	0.6254124259215967	226.0	-6.698456564054205	3.5142111101273645	4.0	-1.2783896483647237	1.083427350153205	33.0
Tyzz-e322286	0.018993744397795786	0.7438990377084743	167.0	-0.19171756805247758	4.588158772082226	158.0	-1.27688608413264	1.4761875968653029	34.0
Anae-c18dae5	0.1874008979575469	1.001375332594692	209.0	-0.40653682510163036	1.8025001564705734	145.0	-1.2756835613491362	1.6248227378741882	35.0
Lach-3a2e845	0.6290950083057383	0.7591075278639928	292.0	4.156921951127917	2.84845342474487	314.0	-1.2505576752865948	0.7979496063566641	36.0
Hung-78c2b8e	2.4895104631308493	0.7519689369243198	337.0	3.775091610436568	2.023779561525637	303.0	-1.2452146951669953	0.7544218144183484	37.0
Lach-3dbdfb7	0.45330491491989205	0.8679082382441201	271.0	-2.866361928988642	3.7096551749330255	49.0	-1.2265956055924188	1.4272085673643993	38.0
Rumi-96ed6cb	0.923227516461072	0.7639589857049904	311.0	-1.047343929341329	3.0017070684076557	118.0	-1.2241363472883824	1.1091142041235142	39.0
Blau-105344b	0.012240401939019851	0.4774745441299044	165.0	-1.6765225177179979	5.346049596206581	94.0	-1.214375176758399	0.9602224197809223	40.0
Rumi-d6fb5a6	0.18766353721752707	0.6918577090637688	210.0	0.2733422166681579	3.1831413977015948	176.0	-1.1982422149537242	1.15679143924819	41.0
Hold-ad52bbe	-0.6447304016284227	1.190308124148834	45.0	1.5512819296827336	1.69304170385582	235.0	-1.1434609675862433	1.6776529000297038	42.0
Faec-0700b7f	0.48323311491764637	0.5514404295248498	277.0	2.9590922228292356	2.35792610109335	284.0	-1.126906073825232	1.015814015493581	43.0
Fami-8f6cab2	0.4111948532119826	0.9816113164275283	260.0	4.405799294228428	1.6174768079979187	321.0	-1.126738193070073	1.4594190214705927	44.0
Egge-b17b0c7	0.41121627312661696	1.1829685507207588	261.0	-1.0835308995643305	3.313583472765489	115.0	-1.1157127842726793	1.6239716074826722	45.0
Bact-87e7824	0.0878898125976811	1.141075121737565	185.0	0.45787993241747577	3.989389320524197	187.0	-1.07671098832935	1.6414956336445705	46.0
Buty-10fae19	0.6266532279174819	1.9992151661068271	291.0	4.777802469404969	3.6801207169194488	327.0	-1.0561288595746143	2.5055258462917975	47.0
Lach-3adfcfa	0.2998449120243312	0.9476022877633582	234.0	3.986463650611094	1.5868090104706887	311.0	-0.9847752409786437	1.2784574676955551	48.0
Para-4cc835d	0.3665554738717374	1.3761494137252812	251.0	-1.9837722638203503	2.50083401090836	85.0	-0.9608260914688601	1.8960093651737993	49.0
Faec-6aecdef	0.543398974014037	0.9510971636170666	283.0	-2.4965853866202377	5.373329469618861	59.0	-0.9603628751290468	1.6646036443340602	50.0
Alis-44cae38	0.40646928465036614	0.6787603383081183	258.0	-3.179309261527584	1.9341484820676045	43.0	-0.9572535559954413	0.8878571853634315	51.0
Para-0519ed9	0.8951511263980717	1.4123852712392737	308.0	-8.029477004284928	5.231818637187831	0.0	-0.9509800311243982	1.8899127380546705	52.0
Rumi-49eca5f	-0.43150106141902445	0.7994715133579385	63.0	-4.06081235506451	4.502688240703839	28.0	-0.9429226855731444	1.4940983901218992	53.0
Phas-fb7a1c0	1.1220612926214735	0.8563150647671341	317.0	2.3476291488458574	1.6381432937229117	269.0	-0.9031828456903588	1.1555651360605306	54.0
Lach-2afd81e	1.6547955508749566	0.7676688880386308	331.0	2.0369179300609135	2.5971364383393785	261.0	-0.8868463695869698	1.0098166779478572	55.0
Bact-f1681bc	0.3431827352545199	1.0758407053390604	245.0	-1.8989682617865788	2.6969542040681143	90.0	-0.8283025308590009	1.836718151663209	56.0
Lach-701a3b7	0.32423531106836334	0.39948193812276	239.0	0.8057213965393101	4.3382706644070845	201.0	-0.8265065268850822	0.8397549343570554	57.0
Lach-088877a	-0.421817292397473	0.6567061522296503	64.0	3.3373715998686175	3.9919747848588893	294.0	-0.8229635215446	0.9758787058780083	58.0
Lach-5287d8a	0.2825281141173732	0.5233245160125187	232.0	4.101830767522643	4.052799739567282	313.0	-0.8054016593355584	0.9166790872515796	59.0
Subd-49ccd7a	-0.3257686480761757	0.7896395256475855	88.0	-2.286578072985718	3.896984571749839	71.0	-0.7972324672632417	1.23527874833193	60.0
Stre-6e7317c	-0.1675275383961056	0.6797308664156234	119.0	1.5555539116843335	4.606486838480881	236.0	-0.7930415310990852	1.1550916686232195	61.0
Anae-1e00db7	-0.3419531125651449	1.0701673810559598	82.0	-4.071042801011121	1.9558409723862615	27.0	-0.7885097963273219	1.3463920415961157	62.0
Rose-29fc1e1	0.4589165970851362	0.7830291360403948	273.0	0.41840667324272446	1.3352028030372263	184.0	-0.780227633231403	0.9689746540057029	63.0
Anae-0ae2ea7	0.14086367311840264	0.863634715129365	196.0	4.329796046254453	3.691279536049884	317.0	-0.7616567702623979	1.293513087745248	64.0
Alis-af3909e	0.027853692732475913	0.5289205617770769	170.0	-5.4489140965285445	1.5386931584774868	11.0	-0.754637253329405	0.9066181023485702	65.0
Rumi-85e5f41	0.08470208874497748	0.514265882939186	182.0	0.3701973315717594	3.4462569293800387	179.0	-0.7531269989800946	0.8332319158210671	66.0
Rumi-0f06bc7	-0.185085502197721	0.7485994854967701	113.0	-1.0927844070316441	2.589913840297311	114.0	-0.750471958760842	1.0749232101328103	67.0
Bact-b0cce80	1.4195502400706577	1.3236586260594185	329.0	-1.8846634697504143	5.882257217579022	91.0	-0.7270422672949927	1.8269111614522529	68.0
Copr-2db5ff7	0.44897688847511447	0.7745330280840123	268.0	3.5150819682123693	2.229654679337851	297.0	-0.7242655956486442	1.499371609369693	69.0
Stre-409f711	-0.12234344536306811	0.4117099360323984	130.0	-0.4315189043051221	4.618303541701094	144.0	-0.7160267229889151	0.7064059330204462	70.0
Rumi-916b405	0.8376832667606126	1.27485135680965	304.0	-2.041584628116608	3.9061941072269253	79.0	-0.715666455909962	1.472385404089961	71.0
Rumi-f7d40e3	-0.05091597189225594	0.5743530362902999	150.0	-3.1627925781314046	2.184504655265805	45.0	-0.7124956134268096	1.1615578705679352	72.0
Lach-cbe2abd	0.4261260291921985	0.501402162565273	265.0	2.991971748066518	3.341738056739199	285.0	-0.6911114973655151	0.5796866205818864	73.0
Sene-8edb2b3	-1.5554548061576314	1.1302054078221706	9.0	-0.6926161270057875	4.970488763675196	135.0	-0.690874875316029	1.7381841393377335	74.0
Sutt-1d5d65b	1.424470251485227	0.9470782779022484	330.0	1.3891319766296863	2.514095777946573	227.0	-0.6872433785391051	1.213671986490937	75.0
Rumi-494e655	-0.059112838507063704	0.7957840417231528	146.0	0.4950238253155462	1.5617225467312301	191.0	-0.6867031636705212	1.0902656275419338	76.0
Alis-d08356d	0.11247392439859956	0.674678840635799	190.0	-3.457524052288052	1.0986184434481423	37.0	-0.6603453197264214	1.0154463860324152	77.0
Esch-ffc36e2	0.9768211752756303	0.36270341413927204	315.0	1.1755723986421391	4.367124299535173	219.0	-0.658559608468175	0.5538273788243273	78.0
Blau-400ef32	-0.34766231218947496	0.46531430888586084	79.0	5.8083322889806706	3.1171826938766563	333.0	-0.6502419242971049	0.8864037269167969	79.0
Rose-a76bceb	-0.15553109102804633	0.5481707693118685	121.0	2.212506124214802	0.6604247638155334	263.0	-0.6493643091569313	0.9228484348575378	80.0
Slac-414ea75	0.28903895903741456	0.5896878413700024	233.0	1.675525364010798	2.5984806004960634	240.0	-0.6374892281398755	0.8105345467884149	81.0
Porp-0799969	1.2166673000759853	0.7889861942770943	321.0	3.954419906580736	3.4182748759374038	309.0	-0.5807714098354183	0.9683800198724889	82.0
Buty-4787391	0.3595154325176835	0.6774131505412018	250.0	4.319233013540314	3.0516304985955607	315.0	-0.565641401836134	1.0002591196850343	83.0
Rumi-60bed33	0.6213021642496761	0.6047897624668113	290.0	-2.141624643172296	2.6917231541561355	76.0	-0.5513068426969238	0.7171778632835983	84.0
Lach-256c538	0.45146703268732385	0.9232377259100856	270.0	1.5297404312572234	1.3679332183394082	232.0	-0.5364871856621096	1.141319054178042	85.0
Rumi-a39d801	-0.3235664296038856	0.7702940640822761	89.0	1.7689882728382131	5.095733534289198	247.0	-0.5225900353711577	1.0683838161965007	86.0
Lach-05d757d	0.06258019342124198	0.6259777576332908	178.0	-0.2652915389908473	3.047383275886754	155.0	-0.5133955112115114	0.7217155038553335	87.0
Lach-f9c0d23	-0.7140672194222173	0.8202590611974694	42.0	0.2662126750225102	2.0699672032279923	174.0	-0.5115364737604188	1.6157343915696252	88.0
Rumi-aaa27b7	0.8810510373204358	0.7533610658192565	306.0	0.15980579850719237	3.875697864029245	170.0	-0.49890219194149227	0.7976624425179286	89.0
Faec-80c3a5f	0.20513403973407443	0.9320188068059503	217.0	-1.8205989895427432	2.968193415464263	93.0	-0.49797962549341923	1.4254192840814441	90.0
Chri-c39cea2	0.19308606969198494	0.6003467402871263	212.0	1.7075259266002596	3.5191780435598643	241.0	-0.489935297997672	0.8431155926453352	91.0
Bact-0246885	1.15985859166521	1.0092818385834093	318.0	4.850803562698835	1.9223884232519066	328.0	-0.48343496982324924	1.414064823357379	92.0
Fami-b3d9e1f	-0.026361591245148048	0.74813734966441	158.0	3.912508454414634	1.364234449177701	308.0	-0.4799760507930409	1.1091978130632947	93.0
Chri-7fd6a8f	0.01805895961064345	0.6156183971100233	166.0	-0.36760320035539834	3.451526497603498	147.0	-0.47580190478818624	0.9134398449245785	94.0
Clos-b4ed8ec	-1.379918444435398	0.7336319502425659	13.0	-1.8996777111076386	2.3869830616229013	89.0	-0.46598599815611996	1.1999283126329459	95.0
Dial-08dda4f	1.2160778309515936	1.0080488673122947	320.0	1.957965776335646	2.6490511532082675	256.0	-0.4561056249121316	1.1197776950495706	96.0
Bact-866ea1c	1.2343151949958897	1.4759165116377582	322.0	3.2221529268191826	3.8444497370397333	293.0	-0.4531731781119326	1.6115891983814317	97.0
Lach-3534b4b	-0.41017833786006236	0.40200218280720523	70.0	-3.4988787348850714	2.824766258239158	36.0	-0.443108553938916	0.5760202135145085	98.0
Copr-804d6df	0.053042640087290115	1.2015489396905665	177.0	0.7143499107906396	4.862243384007389	198.0	-0.43159521750188284	1.3680043055157551	99.0
Lach-2ab424b	0.9002869277328949	0.6492478969089253	309.0	1.9837445977334656	3.6484906052708257	258.0	-0.4139020573285017	0.8284606911493992	100.0
Rumi-6593120	0.12987852362780905	0.6746425299960728	192.0	-1.9097390575186843	2.639504207509553	87.0	-0.40446141316276557	1.048477532895117	101.0
Lach-582fae3	0.12428432812027525	0.6121646180452618	191.0	-1.181926997086055	1.7828638672847947	112.0	-0.4035217306052988	0.822194495078827	102.0
Hold-5637d39	-0.7180244904350145	0.8637427708942932	41.0	-1.9112471223313987	2.9234204562888304	86.0	-0.38787347453189835	1.1365651727594428	103.0
Lach-2ee657e	0.18615315865832316	0.40194804210046503	206.0	4.4619989452388165	1.2819854864963187	322.0	-0.38016423730795795	0.6123045506855656	104.0
Lach-63d8e9a	0.475091282807164	0.5101286458820954	275.0	-1.0570897341016772	3.7302168567048706	116.0	-0.3773981998112698	0.7157492533102086	105.0
Turi-c96cf26	-0.7998857440001311	0.9666371674701169	37.0	3.5199894032644794	6.0848425141638565	298.0	-0.37149799727437677	1.5571030661276657	106.0
Solo-114d0ae	0.239652598435653	0.6306825470919017	227.0	-3.343636737450479	4.414216643136893	38.0	-0.36992036258727745	0.8154781203161693	107.0
Para-990ca7d	-0.07248495226620426	1.08733164321223	142.0	-4.78722495760102	3.986199871680664	16.0	-0.3460955385418355	1.7211608267172211	108.0
Anae-cc465b1	0.5915284731386837	0.9484165829267381	287.0	1.4610608840381465	3.136187205945025	230.0	-0.33891007706074133	1.3330886820561667	109.0
Rhod-47d12ad	0.2203656295935238	0.8746820299410227	223.0	-0.08545047995688275	3.655408929247761	163.0	-0.3274374093946524	1.6475718109292397	110.0
Rumi-8d47887	-0.11410753131920172	0.7987356415253027	134.0	-1.20032290834539	3.813775674848082	110.0	-0.3029343688182403	1.0921898978753926	111.0
Rumi-16af97c	0.34695890533159773	0.5406270401875842	246.0	1.1815103904667512	3.2934269006157835	221.0	-0.3005878865193854	0.7705673210364085	112.0
Lach-11902be	-0.5019452487163787	0.7374730132505781	57.0	1.1517880938666067	1.0013709094350784	217.0	-0.2905554326130821	1.1418407464728826	113.0
Lach-e23e6e7	-1.1517771449494407	1.0313416454376079	22.0	-3.527885474294625	2.3680250769225983	35.0	-0.26915747112724603	1.1261798975782011	114.0
Esch-e2f6a53	-0.49355935781584376	1.4861119261729392	58.0	-1.5180370354077604	2.0887479304489247	98.0	-0.2668163132100852	1.7528495399640585	115.0
Blau-8f6e2a9	-0.24187060447753067	0.3678257991356264	104.0	1.871816402689718	4.612759917795117	253.0	-0.2570164710645434	0.5950598416112639	116.0
Rose-25af29e	0.3322081266471712	0.481381035925936	242.0	0.2706327883084686	3.368157194480318	175.0	-0.2525407610518274	0.8157332825488476	117.0
Alis-fef4a37	0.5710738259288315	0.6419489796928073	285.0	-2.539980983861925	5.326332852277374	57.0	-0.2510827688026174	1.055137981285466	118.0
Bact-7ce20dc	-0.9820787189169771	0.9650525881621747	29.0	2.804147946926115	3.1389046800382188	281.0	-0.23594034177181514	1.335917948762334	119.0
Para-a8eb3e8	0.20408654948218186	0.6078759516795519	216.0	2.0232606117977863	3.3032495731927844	259.0	-0.2269751264923165	0.7056394949046699	120.0
Rumi-3fd0c1a	-0.26423724810970295	0.6197960997406284	100.0	-0.5227546944851809	4.351647230039129	140.0	-0.21989436725897032	0.9692761200868494	121.0
Rumi-75a7dd0	-0.7634451390567875	0.5611237321854441	40.0	3.0620706163511366	4.68084734882414	286.0	-0.21608565686716757	1.3418192724388844	122.0
Mass-bfb5b51	1.340460154727072	0.7075946668680094	323.0	-6.098327520481016	1.9952031895198228	6.0	-0.21254191678497278	1.179604681072684	123.0
Faec-734dcd0	0.21891498059523898	0.6261371451931171	222.0	-3.0935105543495958	6.577522952353929	46.0	-0.2075893248055218	1.0651086701659473	124.0
Rumi-d1cf1d1	0.3114815900023691	0.5645534048783405	236.0	0.5436035135166322	1.7486837659825907	194.0	-0.1908832191569615	0.7197162947222143	125.0
Haem-18eb929	-0.7030692737890945	0.7697730611380107	43.0	3.071005302144221	2.2305174776248085	287.0	-0.18862762533586686	1.118665571128711	126.0
Rumi-be20a0e	-0.11363666663225894	0.9029740681504502	135.0	-0.7437153896927919	4.837591152389952	132.0	-0.17234244472818439	1.444540776799729	127.0
Faec-bbae6ed	0.27395830506787106	0.4109061794560824	231.0	1.869236066969338	1.343841891676313	252.0	-0.15446389069920768	0.5249954760571943	128.0
Lach-19ff2a8	0.18971300746481615	0.5895391926124688	211.0	-2.5667048299654143	2.903439813460469	56.0	-0.1466276727300513	0.8852729280328971	129.0
Para-1c1c2dd	0.7837720064717005	0.9215135984273449	299.0	1.3852884863984283	3.551722550816312	225.0	-0.1418298509629589	1.1340447290757711	130.0
Rumi-d331c54	0.15385504519887588	0.9498041954250717	199.0	-5.339220969833695	3.185753388993809	12.0	-0.13520249337964457	1.3402883956795486	131.0
Blau-af2150f	-0.2749026368600758	0.32515655701708773	98.0	1.6489976581728425	3.9962526670741223	238.0	-0.12520993153866045	0.5940046812002739	132.0
Bact-e0e562a	0.09534366582633685	1.386523300318232	186.0	-2.318545883966439	3.0291523257006583	69.0	-0.12470825700116732	1.462505380727327	133.0
Rumi-e15b6ef	0.1591254793150259	0.46156736768729617	200.0	-0.7990444065470017	1.571346831551966	128.0	-0.12233968048883707	0.7167315395159819	134.0
Anae-31c7bc0	-0.19528126450144156	0.44103903830198465	109.0	-0.06122708383506597	3.0591482838121045	167.0	-0.11423255843290027	0.6122985688959264	135.0
Haem-2903f2e	-0.9316129294065085	1.1122110674039802	31.0	-4.617000972579948	6.114295074645555	19.0	-0.10652348958103551	1.7755617155096752	136.0
Rumi-9cdb9db	-0.1443081881689136	0.39716720148209755	124.0	-1.4797474096008276	5.228340101570062	100.0	-0.10509107360041192	0.8335939769680221	137.0
Lach-17fdda7	0.44072442549113977	0.4716554736973836	266.0	3.0807166934660644	2.1030647936952223	288.0	-0.09924522260716699	0.8210265562983599	138.0
Dore-edc06e5	-0.04621882549524554	0.5066618028704177	154.0	3.7194619902024035	3.353979031398632	301.0	-0.0972848215681484	0.6305657078744975	139.0
Inte-9eaff8c	-0.37002289619114476	0.6546301994867143	74.0	4.324399985518835	2.110323955394806	316.0	-0.0960597946235718	0.7937763241537772	140.0
Lach-777dafa	-0.06216401952143349	0.43893035685665355	145.0	-2.039659247259832	3.961006866485586	80.0	-0.09094924459545185	0.7507754033403192	141.0
Lach-18f557e	-0.182658567074151	0.8696934583390946	114.0	-2.616406436853127	4.828470871897744	54.0	-0.08984497512417823	1.3799910798194248	142.0
Erys-16684ad	0.047624214405048736	0.8881789162251424	175.0	4.3438052774487135	2.95046957194662	319.0	-0.08014624655144714	1.3275562076982572	143.0
Inte-7d43ad5	0.16986211207115132	0.6163629723165311	201.0	6.11765327365307	0.6750000733340754	335.0	-0.07771392562014545	0.773158562810831	144.0
Bifi-3f3a0ea	0.5180188598438606	0.44227669385979257	280.0	-7.562983098365926	2.354115980801047	2.0	-0.07298155431947236	0.7065641936386347	145.0
Akke-dfa833b	0.30324869062446547	0.5162981204909419	235.0	1.1801612283192977	2.820834150969909	220.0	-0.052974495146556104	0.7372811513316688	146.0
Egge-06f4e7c	-1.4329613479244265	0.6674093251936398	12.0	0.37391273837045286	2.133200633991402	180.0	-0.04934913109116087	1.216508279249334	147.0
Bact-15ceb00	0.17046490858483038	1.0154698985322028	202.0	4.343610576890259	3.647839512889289	318.0	-0.045097327082280515	1.311928840358068	148.0
Lach-a00b4fd	-0.005492342747913398	0.38265043578799113	162.0	1.4592233283508658	3.2170086882086593	229.0	-0.03582226677849661	0.5035006479003903	149.0
Rumi-d5d977a	0.09911797142313052	0.7405107796580895	187.0	-2.251616105974519	5.667187883523471	73.0	-0.03512601606316103	1.169128223062974	150.0
Rumi-9cda306	-0.024005606138187165	0.5779827857965142	160.0	1.8615339094301704	2.7879580401018855	251.0	-0.03460116299613518	1.08444009741399	151.0
Mass-cabd729	-0.7940941537217341	0.8558709858927653	38.0	0.18340433543104473	2.422734174643645	173.0	-0.028712466180609453	1.9729480334284788	152.0
Copr-9cb986f	-0.20834498921625916	0.5041315763159385	107.0	1.1207631880649718	4.070087306672976	216.0	-0.02647386234745416	0.8416765193111423	153.0
Rumi-e9398bc	-0.41224487906796015	0.7245046854192703	69.0	-0.7952968063203314	2.6596744646013657	129.0	-0.024738660498711512	1.032913760769563	154.0
Faec-c728ad6	0.03936051435216629	0.39017180812016156	174.0	-0.6941288933921927	2.948192092974758	134.0	-0.024486571806602558	0.6415813293554873	155.0
Copr-bc9350a	0.0009761579083233088	0.4385055145351047	164.0	3.787158173864488	2.9979677797390787	304.0	-0.0007448159150288731	0.7437641312329285	156.0
Blau-2eedf89	0.08415633505171166	0.5027747090011855	181.0	2.313367473544964	3.4846470608588502	265.0	0.00183475012876416	0.7041177464880534	157.0
Fuso-e47b7c5	2.336109949429251	0.601959082606042	336.0	5.813384515886438	2.9063442442077876	334.0	0.011759102326824745	0.9435132129126012	158.0
Stre-101637a	0.8836371910572528	0.8088461926894915	307.0	1.9356357826840023	1.3440181278806769	254.0	0.012205085184400204	1.0302822916514351	159.0
Faec-4516aa6	0.4784336200870035	0.37178813557784995	276.0	-1.4525800770085002	2.044166055222374	102.0	0.0172800205143859	0.47544222696543265	160.0
Lach-93b58b0	0.1709521701354962	0.5448014904301827	203.0	1.3684969516331598	4.710236382848143	224.0	0.021333970976962633	0.6737319024908256	161.0
Akke-db466f8	0.42091323333623226	0.8921487025186754	264.0	2.195534324845855	2.069443755154307	262.0	0.02658593587274237	1.4669330564442062	162.0
Lach-7c76f7c	0.4837936442420869	1.0234229052017823	278.0	4.872333147582345	3.246200347665286	329.0	0.035022416829122285	1.607787848981444	163.0
Anae-b63160c	0.10244941569783886	0.8037156025352459	188.0	-6.0009295414711525	2.104581587492254	7.0	0.035855794762623815	1.184240959198203	164.0
Rumi-c6fb203	-0.6053106220035879	0.9458297838461761	48.0	-2.018657830104187	4.453543853507824	84.0	0.038658471766507774	1.5435769258198797	165.0
Para-0eebf22	-0.04797855161089271	0.7401088556515625	151.0	2.4159447128542326	3.79429962868654	272.0	0.04034162851408021	1.0671968201753739	166.0
Lach-02e1e97	0.449455047118219	0.4648529125964267	269.0	1.6526047562288695	2.353450970990675	239.0	0.04641245995617422	0.7256984940800769	167.0
Camp-5b14d87	2.0616829231828775	0.48542453073455194	333.0	-0.6559911376326264	3.19348185047529	137.0	0.04669231800256478	0.7835998079047845	168.0
Bifi-d1d2824	0.7111735737475231	0.9584342760871958	298.0	-7.7191221738227265	2.26187477112833	1.0	0.04736017361307316	1.2784480304557968	169.0
Odor-3a71e9a	0.5369653917851853	0.5138480561727127	282.0	-3.7451943604499403	3.7478818314671503	32.0	0.05914476975182137	0.9081048082916939	170.0
Pept-f148c98	-0.07905403877861977	0.6436778612961794	140.0	0.9876931218960912	2.9649011184415666	207.0	0.06985881305094355	0.9097198925925994	171.0
Cori-63ae69e	0.13180807141816137	0.4967923153223162	193.0	-0.6065533889579747	2.5155635895125994	138.0	0.07507382457092586	0.8440358112535512	172.0
Rose-7b6d335	0.3374566204518294	0.5104653438492512	244.0	-0.1263467335264113	3.710157590695799	160.0	0.09104097916882088	0.7469684785377777	173.0
Anae-4f9106b	-0.5267666788974686	0.8798396572780544	54.0	3.664151734059586	2.995089321232278	300.0	0.09245849334797579	0.9831464687494422	174.0
Lach-20a4ef0	0.19575207996314276	0.4420847488858302	214.0	-0.34998992869482604	3.7679638823498776	150.0	0.0927472302371508	0.5110681282084764	175.0
Clos-e4cd8e0	-0.25928292393466884	0.8561687685784519	102.0	0.4455785093319348	4.060761519765551	186.0	0.09482170608375438	1.1304635069931563	176.0
Lach-5eb6a4e	0.3229804716579299	0.6440868087859463	238.0	-0.016328663155855707	3.721112718484455	168.0	0.0962798643843673	1.0514040324972846	177.0
Hung-82c448c	1.3787762755607904	1.1484292569004269	325.0	-4.334064196325992	3.400530635856123	24.0	0.09951727533762604	1.3615293825279293	178.0
Rumi-d4b9487	0.14005233644277726	0.43432457653328027	195.0	-2.6989513701237624	2.4626122164597337	52.0	0.11610602757063392	0.6584470471872477	179.0
Para-4d6fe68	-0.25197291046439363	0.48164086196678246	103.0	1.9639324133859186	3.3061691635285135	257.0	0.11815788409054558	0.7068336222075967	180.0
Stre-d3829c5	1.4130533623216461	1.037525193619609	328.0	-0.2497174461308042	3.3167673740700447	157.0	0.118969875110891	1.1789668660478976	181.0
Dial-63719d6	0.6096879506786893	0.6700934556439508	289.0	-0.5147418274286695	2.1418388181950734	141.0	0.13445553272861668	0.8380071190290896	182.0
Osci-09ad3f0	0.6306689011820747	0.44345329191724736	293.0	-4.085690581867235	3.553420815229552	26.0	0.13710974062845013	0.7808523991436132	183.0
Akke-df5c1ef	0.6687973186886325	0.9447577459036866	296.0	0.4866136779508562	4.687818209285005	190.0	0.13739837770240435	1.4971616951030031	184.0
Clos-158d888	0.17523416916296297	0.4388655237178968	204.0	1.0815107127249668	1.7252924829227632	210.0	0.1411969014131403	0.7749347679785523	185.0
Fami-9a848bf	-0.1250738105524391	0.6928607815732842	128.0	1.5467934747496939	1.528561076600539	234.0	0.14296994475632924	0.9224003652900341	186.0
Anae-7862462	0.21144755176379723	1.085814011127173	220.0	-6.546857546923655	1.7113677977253747	5.0	0.14409149163008156	1.2717135841779894	187.0
Rose-b264ac8	-0.04324707376377065	0.41885907039284004	156.0	3.5590576546283628	2.7184070487532717	299.0	0.14853172150964455	0.7247729136433407	188.0
Para-e5225d9	0.08668452565336994	0.6491552267775862	184.0	-0.5714303366487091	2.2805750555078896	139.0	0.15334541432471144	0.9203034141222202	189.0
Fusi-9df2517	-0.13509204848677825	0.3556367063524924	126.0	-2.8111757152564074	4.158618774958894	51.0	0.15486177275191	0.589330417560398	190.0
Lach-f664a73	0.3331484256814675	0.5646370796254223	243.0	-1.871184365244525	3.51361203018249	92.0	0.15520809342871114	0.8616458161897483	191.0
Lach-06858df	-0.1742638021091047	0.9572711700977908	116.0	3.972318672577863	2.4746358404861537	310.0	0.15903417726335767	1.5844287955738419	192.0
Lach-2555ab8	0.32238284300727105	0.3358746949049033	237.0	1.3883080270680141	2.967114078180528	226.0	0.16163859517088425	0.5607456609593914	193.0
Dore-ad89a9d	-0.1508261531181938	0.3483710744705	122.0	-0.35820945644451024	3.353992438382529	149.0	0.1765648884434562	0.5642381567620871	194.0
Lach-52ba52e	-0.3461849682269138	0.3568581490688342	80.0	-0.36688354442515597	3.2422683462172692	148.0	0.1769178556273735	0.6536999715899061	195.0
Faec-22f4ee9	0.21718630684036594	0.4363245458791734	221.0	4.394602142475769	2.3131240651095526	320.0	0.17742413425987189	0.7037443053805787	196.0
Clos-f2cbb29	-0.35769671347760507	0.6863612127383099	78.0	-0.8397288344777278	3.318102742853239	126.0	0.1776848059169379	0.8528152684227451	197.0
Lach-44a2dbc	-0.5528073186935564	0.9272595030055815	50.0	0.12730454530579813	3.7745319133181496	169.0	0.18511097175392638	1.1690037923595824	198.0
Subd-c6fdf63	-0.2263779969887129	0.2949233390611357	106.0	1.1167597448545985	4.852879631120318	215.0	0.18845587559481491	0.4391334369769005	199.0
Blau-c7d1ed6	-0.19196786249506398	0.5041571851654697	110.0	3.8515339339168144	2.5500392856218435	305.0	0.19569404497171392	0.6392078745696783	200.0
Rumi-08b7366	0.1443380394958645	1.0079281547143437	198.0	1.562674166701283	4.328816355296288	237.0	0.2010280444236833	1.4721349288799603	201.0
Chri-da7125b	-0.0030161846985390286	0.5498107402612231	163.0	0.5245425246821395	1.274305976498849	193.0	0.20422355811777662	0.7332204147505095	202.0
Bact-8255b7e	0.4464263244550367	0.9073498625307256	267.0	-1.2057146595050847	2.6627090272613185	109.0	0.2116038561845111	1.311980837298874	203.0
Bact-70d55ba	0.03527721111249442	0.44147493849988356	172.0	3.7342270155994775	2.8399109760132983	302.0	0.2175121545983868	0.6796476466355211	204.0
Lach-202938f	-0.3078241908002447	0.5894579347437312	90.0	-1.286707548680246	2.4974678113027884	106.0	0.2237966728387284	0.7095323143000908	205.0
Para-8d83490	0.8368881884597151	1.1772228904305657	303.0	-3.2807414007971283	4.46647391205409	40.0	0.22443298118306534	1.5039667970742643	206.0
Lach-7a4b03d	-0.2742689890396546	0.7190875909336125	99.0	-0.10717447399283622	3.894891525332605	162.0	0.232702959668124	2.2332090174899912	207.0
Rumi-4608cf2	-0.07002878200546753	0.4509857302584973	143.0	-0.36967968991483474	3.8908890079743856	146.0	0.2371644786231998	0.7018079739442703	208.0
Epul-3fc4e1b	-0.7891990399675701	0.78517958925816	39.0	1.046213953914576	4.70311227124115	209.0	0.23927951013869392	1.215915411062958	209.0
Chri-9a3da67	0.25907843348897475	0.5067920097531641	228.0	2.3672940785502465	4.648372060568419	270.0	0.2405279240731105	0.6573451619242447	210.0
Fuso-fb12967	0.8364760474027515	0.8972825331426477	302.0	-2.3457544249730935	2.281618120466436	65.0	0.24657420011726935	1.0572698581773063	211.0
Gran-a5b69f1	0.942266680792936	0.7061753708174369	313.0	1.2095286401508105	2.5434731517777047	223.0	0.24937242712964938	0.9976959598951883	212.0
Lach-fb6956e	0.07311864713812255	0.4898989438152516	180.0	1.8148488780336214	1.23518227244604	250.0	0.26249793986892894	0.7644175759103112	213.0
Bilo-0b9d6ae	0.20643729854609397	0.48802337323088424	218.0	5.638234136785364	2.228018152844702	332.0	0.2666190201468006	0.7126921670298214	214.0
Lach-be1fe9b	-0.5164692587677985	0.4944587943046865	55.0	-5.78194321065701	3.3963818380652153	8.0	0.2736162479352613	0.8131212371582707	215.0
Bifi-38b7580	-1.240197264722067	0.6286641930890016	18.0	0.46506789028409884	1.8728426847675075	189.0	0.2762982278879292	0.7263180552840761	216.0
Coll-15e0525	-0.08868341820443255	0.46354512614146004	138.0	2.5437820294873297	2.4296836953105183	276.0	0.2785222032780879	0.5486419128885012	217.0
Lach-1875d4e	-0.05458233249324641	0.39659149193956844	148.0	-0.06833225622966986	4.955115684387803	166.0	0.3078964253111608	0.6238863719343867	218.0
Howa-7b64eba	-0.16910998229660446	0.8470678966546935	118.0	4.734452402020454	3.9319955581748935	325.0	0.30935922667094873	1.198882551504262	219.0
Rumi-2a0cc8c	0.2645094521665902	0.8643926067878069	229.0	0.8652320365994564	2.0934804808082363	205.0	0.3203404286783166	1.2393070083041524	220.0
Rumi-b1f914a	-0.5020772833914733	0.48356470048388667	56.0	-2.191084247966177	3.260488066369769	74.0	0.32177109424762856	0.7319770399220153	221.0
Rumi-eee1408	0.19314501058681582	0.8048714764603861	213.0	2.3184569081979007	4.648136764442837	266.0	0.32600728942060503	1.2932580170907475	222.0
Bact-9243bc9	-0.04610018245672687	0.4591743919461527	155.0	-2.0276007163072785	2.76954475221835	81.0	0.33116320414963957	0.7182467028465213	223.0
Subd-b6a1cfc	-0.11504317342354235	0.2979356874738165	133.0	-0.8621713270614019	3.510651244677483	124.0	0.33581549810535594	0.43261487251452624	224.0
Rumi-bb4cb74	-0.04751644464555098	0.6953919568178695	152.0	3.503144150391832	2.495099125946884	296.0	0.3373087065499851	0.8708180153818551	225.0
Lach-e655845	-0.06291192285426317	0.45306070944751536	144.0	2.270949278952314	5.022298066600387	264.0	0.34523373012217257	0.6364565959540097	226.0
Lach-675d47d	-0.3382304978445332	0.4807198027218803	83.0	0.4598300371590444	3.248897493317517	188.0	0.3453948281461222	0.934556127860443	227.0
Sutt-f684347	-0.3945283000854762	0.6403268313029508	73.0	1.4408255247738873	2.702901505029674	228.0	0.3535780516367271	1.0832220169284947	228.0
Erys-c5be3cb	-0.28379799381432474	0.434886661245507	97.0	2.953658119935155	2.005223547639779	283.0	0.35422364237912096	0.8133338109481546	229.0
Rumi-56490c1	-0.15667725097425228	0.609174207563773	120.0	-0.7714399700789407	3.1669360729388547	131.0	0.36199120696957915	0.8679487860053955	230.0
Alis-224d266	0.23405589477568162	0.4937010045329469	225.0	3.851571924584754	3.288889093510225	306.0	0.3645762730715354	0.6736743791542007	231.0
Fuso-d2f4ba7	1.3686962907814793	1.403990435508399	324.0	0.3954490848075642	3.3755577126585226	182.0	0.3652149673971043	1.7785694878090559	232.0
Bact-ce0837f	-0.3277353295023556	1.2460695145792484	86.0	-4.658535240667143	3.4601193493429694	18.0	0.3732613293228192	1.587687979630732	233.0
Parv-8f3c8cb	-0.04695623918615489	0.6296532537430705	153.0	2.797902076609746	2.910918218089021	280.0	0.378831894026277	0.751834559107545	234.0
Odor-a43ac19	-0.29645284884757683	0.49230767407507986	95.0	-2.447279548713008	5.331553581631887	60.0	0.3992429417609476	0.7810331841835753	235.0
Bact-7440aa8	0.34782274056951507	0.49460802961235106	247.0	0.38169963288114056	1.7854672331416852	181.0	0.40389981176323697	0.7370625916572733	236.0
Bact-d4d386b	-0.13129964708924194	0.5372967120795114	127.0	-0.25652197737586585	1.9570958011369044	156.0	0.4148437680764125	1.0557812857418252	237.0
Sphi-45823ae	-2.644088508396765	1.6678818836734812	2.0	2.344073606302728	3.0748269671997868	268.0	0.42599782839405637	1.9771967511163175	238.0
Rumi-bf37c87	0.03418146832282961	0.4891751915075808	171.0	-5.1912693297866825	4.425435616600045	13.0	0.4317321558381206	0.7829845405478153	239.0
Alis-ca60f95	-0.17450925504671153	0.6645867747850063	115.0	-0.9406639180495086	2.423859449909989	122.0	0.4348128809441868	0.8416115510369437	240.0
Bact-b6635d6	-0.07587833910798918	0.5738298047183468	141.0	-1.1944099272461548	3.1967079935104112	111.0	0.4354632863454985	0.7832874103435568	241.0
Bact-4abaa48	-0.26307279133335704	0.3581485910805568	101.0	4.5814003610702745	3.444721039893856	324.0	0.45393685304832015	0.6758413488893728	242.0
Rumi-02bf150	-0.2907586152856861	1.5309912510005805	96.0	7.209976415529888	4.298163823547641	337.0	0.47408675736978334	1.9327419996828303	243.0
Bact-0701752	-0.12458715758720086	0.5010262042535127	129.0	-1.1405106927284667	4.473392549807388	113.0	0.4757155108115063	0.8807128135452023	244.0
Chri-d6d70ee	-0.30773796901203015	0.47459923843495544	91.0	-4.725776387508128	3.7307735721686033	17.0	0.4835463689427532	0.761091052953265	245.0
Rumi-1f2dda5	-0.3261030045679703	0.711127918556223	87.0	-3.022457361570609	3.3442245874511483	48.0	0.49851404884663186	0.9567639770419276	246.0
Lach-9a4c969	-0.36140317911335446	0.46783090375995867	75.0	4.9592974882738305	3.4411767449230743	330.0	0.5045826820543975	0.9584236080062343	247.0
Sutt-33f8450	0.327135895421312	0.1323944763545957	240.0	1.773338075343632	0.5302570819534769	248.0	0.5498426780179289	0.16672935920503917	248.0
Fami-b0553a7	-0.8553333308050914	0.5903078441551157	33.0	-6.832839807412691	2.676592471146151	3.0	0.5540284190283551	0.911172180646301	249.0
Bact-6251bd9	-0.09711949078629355	0.4698711190617358	137.0	-0.8460687674011779	3.2080447121301603	125.0	0.5544025697574041	0.6518812664349939	250.0
Clos-8878a04	-0.30518275443550363	1.0229549060096057	92.0	3.4726781002620655	4.274908224542041	295.0	0.5582283431426787	1.5507232907670598	251.0
Geme-089a1f1	0.14134972223766845	0.7279545661358522	197.0	-2.370453402352877	2.6605431953635827	64.0	0.5600231824738159	1.3149772237574346	252.0
Rumi-18efcaa	0.18655644778721225	0.12237043537234751	207.0	1.5246373517059864	0.6312609261171551	231.0	0.5626754664806077	0.23254254773326932	253.0
Lach-724cbad	0.11023078435227258	0.9270392570678483	189.0	2.724561804676775	4.109596094439062	277.0	0.5771503700376536	1.0561591236092502	254.0
Rose-d8af28a	-0.13867729553364783	0.6633496382907929	125.0	0.17668435197263063	3.3501792750822936	171.0	0.5788489744658826	1.6234038970632976	255.0
Rumi-4df8473	-0.12175835771533411	0.6878478743252664	131.0	-1.4761815355935228	3.6590897030004763	101.0	0.5950254803293169	0.821834216643561	256.0
Rumi-34f6a9f	-0.08371478941698347	0.6323234165687336	139.0	-0.11821361129259635	4.835141513152258	161.0	0.5958090813734769	0.7453764827834953	257.0
Rumi-f7a2b0a	-0.47583852144349476	1.128328974830164	60.0	-3.168213575426481	1.3604207079999353	44.0	0.5967850191663591	1.6523453624369433	258.0
Buty-da8b26f	-0.9568211413150478	0.5690282844381562	30.0	-2.4297810969114098	3.925896015692336	61.0	0.6036002327047484	0.6751799621758793	259.0
Copr-efb5d35	-0.44325763105147487	0.8389992590189935	62.0	1.0818555497214426	3.732476749507375	211.0	0.607578286385173	1.25252026807204	260.0
Stre-fb3a183	0.5354844341334957	1.3080356125551609	281.0	1.0903414708511727	2.704277173582897	212.0	0.614648114960549	1.6487757507673078	261.0
Stre-a4cd615	-1.0777719289274559	1.7618771322896134	26.0	0.5586432221866476	1.9756323350105973	195.0	0.6186651334102102	1.771625205988657	262.0
Rumi-6e70787	-0.3031615180838609	0.9313831629290426	93.0	-2.698398262346812	3.3775088474154003	53.0	0.6217132897373986	1.4109496337520044	263.0
Chri-ac07428	0.26456216378570835	1.0040168607174496	230.0	-2.376472990462239	3.878958433127613	63.0	0.6299759536008941	1.2212525342291145	264.0
Rumi-3aef8bb	-0.6109824948567691	0.5588956641529504	47.0	2.409011105177469	3.356972531417084	271.0	0.6710311694585996	0.8795447011572691	265.0
Rumi-8dc9986	-0.838534388310507	1.4947883510299704	34.0	-0.34074439232817405	1.8237850616385238	152.0	0.6828861421144001	1.7717904554212933	266.0
Copr-c287da8	0.20767107568741722	0.09910460281928837	219.0	0.8189650637992204	0.4459318455161245	202.0	0.695397527538494	0.1553857365222213	267.0
Blau-286b444	0.1777049824107135	0.09827301920224908	205.0	1.7147840731297874	0.41808305400370993	242.0	0.7175720920924489	0.1439167160667055	268.0
Bact-572be56	-0.19925032504865964	0.5936354356600246	108.0	-1.3254099446428662	2.247732688959087	104.0	0.7222930487846477	0.8324178470704577	269.0
Pseu-052ba7a	0.38257120160953845	0.4647927064945415	254.0	1.7211510625237778	5.025247259488022	243.0	0.738634937395734	0.7644992059492108	270.0
Copr-ed7747f	-0.025874832823482075	0.12380603384518828	159.0	0.29605070439945175	0.3434926154336526	178.0	0.7441079042752025	0.1938753969779425	271.0
Lach-b978450	-0.3311824182511779	0.5088980242892314	84.0	6.354882147467099	1.3046531448230294	336.0	0.7526524346666785	0.793080266897411	272.0
Lach-d4848cd	0.07273346334937873	0.10852775057678854	179.0	1.7574088800744276	0.505103986299189	246.0	0.7534949040704662	0.1442229635942939	273.0
Lach-e412a7b	0.186908770619299	0.7348283484088256	208.0	0.4288816686266067	3.4752289560627894	185.0	0.754187292420989	1.141690786391608	274.0
Lach-bb35a35	-0.4566052810985893	0.5120383604981645	61.0	2.0281525613528673	2.413503994808126	260.0	0.7645955067280776	0.5584023525849181	275.0
Para-98a6938	0.6602973360852993	0.9277621347423795	294.0	-0.0684000442889178	3.2215413553489887	165.0	0.76871559294239	1.24530295181799	276.0
Flav-9be8e4d	0.6053747114544582	0.757498995893618	288.0	0.8554604737998561	2.5989650168537866	204.0	0.7787023254523423	0.8834226742103318	277.0
Bact-51f7c8e	-0.34415912859028924	0.6675940565750142	81.0	4.089016714162423	1.5296939499588325	312.0	0.8037551812520924	0.918295076809944	278.0
Bact-47f3d64	0.667207300226376	0.5005941108407352	295.0	2.479111742433923	1.6888709877434427	275.0	0.8100994723260146	0.7287745500379698	279.0
Lach-3a3d4a6	0.027314177340490048	0.8820834748982255	169.0	-5.770342844052545	3.004555828656853	9.0	0.8287278648301533	1.6073089692345408	280.0
Geme-7bd174e	-0.41966346180398173	0.707285328187731	65.0	1.108259954524381	1.5518673428269707	213.0	0.8497557648061004	1.2503621796516158	281.0
Lach-ce7cc0a	-0.48132103278897725	0.4363444533938956	59.0	-1.293508411099399	2.4904356278240405	105.0	0.8799469929534159	0.8643110268758756	282.0
Rumi-7931ef4	-0.5470263173187975	0.6261883524295785	51.0	-2.1455350375576154	3.6608920147609862	75.0	0.8804427201746395	1.060903682604691	283.0
Fili-998cdb4	-1.2570606352566707	1.5593854175446313	16.0	-0.4696820307410363	3.029640790275222	142.0	0.8827922998099094	1.611076292840805	284.0
Porp-69023d0	0.39295888925272815	0.9342861354282483	256.0	3.182835592406738	3.0693980478134066	290.0	0.9340363148137754	1.0517439785174012	285.0
Rumi-8e121f6	-0.1742134810173303	0.44055857942285714	117.0	-3.8102022119968124	1.5174477742503296	31.0	0.9767578414402064	0.6567395533429885	286.0
Desu-fa6956a	-1.1986315423295504	1.3195627825122942	19.0	3.2122035258430617	5.7810091663902625	292.0	0.980928568191198	1.4870301626551348	287.0
Lach-3765e25	0.03538061501298019	0.10275940357069628	173.0	-0.13234050032803463	0.4433583166966684	159.0	0.9907178372114032	0.16053553834416873	288.0
Chri-ff17b46	-1.1397340011620445	0.6936162957959724	23.0	1.1120516033636494	2.680802827846289	214.0	0.9983809064501972	1.1620420114015468	289.0
Dial-35fd415	-0.32863463975718193	0.5300424264599276	85.0	-1.5634513464579445	2.9598402698159747	97.0	1.0010494454951404	0.7537331546334937	290.0
Rose-f6bea81	-0.05643612815836798	0.5724075482329326	147.0	-3.5312962213792205	3.892660401412863	34.0	1.0140598397313387	1.0039230014207523	291.0
Meth-26639d9	-1.1599552500444128	0.7970892575134282	20.0	-3.9710450854237016	7.663335141279023	29.0	1.0182202920769619	1.4686136394828848	292.0
Bact-b24ef5f	-0.41769108635007957	0.9327379453609106	66.0	1.7951325062607189	2.867719417039653	249.0	1.0192766091200802	1.5007476795368482	293.0
Gast-90e9bc6	0.3532779886592434	0.618117396919202	249.0	0.8279366188638254	4.308419277629865	203.0	1.0226300268888202	0.9682761752770565	294.0
Bact-b74ab69	-1.122289524960465	0.741897125894273	25.0	-0.2986387259474234	2.093855112950745	153.0	1.0349672148624132	1.3242786356452523	295.0
Rumi-4a1547a	-0.8579335825261355	0.6829873541059787	32.0	-2.3273027181273083	3.835431230982932	67.0	1.0450332608282042	0.7955766928886595	296.0
Marv-c55b486	-1.4404422012639626	0.5581778035942662	11.0	3.113962020265058	2.424484677787273	289.0	1.054822657951439	0.9046799856898616	297.0
Prev-bc07300	0.369176351481633	1.262787929414538	252.0	-1.278584942993306	5.515800085538639	107.0	1.084544929094149	1.5760531635808834	298.0
Copr-a34b9fa	0.19663989687915095	1.1660967638636037	215.0	-2.088279449678976	2.994655697382978	78.0	1.087146626851932	1.750012710355726	299.0
Sutt-dfc8256	-0.029765316697246833	0.7676257989150317	157.0	-0.34275184754526683	2.9255614745046827	151.0	1.1220764108174037	0.8221330781691971	300.0
Rumi-c1eedbc	-0.40375333396270513	0.7987519855672568	71.0	-0.9476901062102482	2.728147170000963	121.0	1.1311144997914369	1.3240435602091571	301.0
Stre-813e694	0.374400218337029	1.0228996644832673	253.0	1.1930281213625766	4.321305348054371	222.0	1.1748707619452867	1.8231986134421445	302.0
Rumi-d347cad	-1.493450909945801	1.105892721407424	10.0	-1.2507625648680132	3.9227006880813313	108.0	1.1924994126705988	1.643857972593338	303.0
Fuso-62b2f8b	-0.5337384167292605	1.0461301264458822	53.0	-2.820259123208648	3.641216102918019	50.0	1.1942308701793523	1.478004915751831	304.0
Fret-2b8622a	-0.014048523218946911	1.109868429612756	161.0	-3.6731025311163306	5.790153259076609	33.0	1.2342323188388642	1.2138957279864477	305.0
Terr-9960b20	-2.3400384622307673	0.7365788031129139	3.0	-0.8087695494354881	5.717020244811218	127.0	1.2520469181320646	0.9296360152034117	306.0
Ente-134d27c	-1.5805282687473037	0.7961187485749885	7.0	-0.9860885728488397	5.370195561184266	119.0	1.289758929482531	1.1225151466302778	307.0
Rose-d91b5c7	-0.1855872596524332	0.7101792255342317	112.0	2.4633960395503784	5.673053945300959	273.0	1.290947550757024	1.0558083616195777	308.0
Clos-875f9ef	-0.05415584145666004	0.8512246692621324	149.0	1.945547343231731	3.420119924038966	255.0	1.3166935839297957	1.1882621925567176	309.0
Rumi-a29990f	-0.6036577227235899	1.1718443132190708	49.0	2.4664933684013053	2.235690339615565	274.0	1.327379904474589	1.6512708003774321	310.0
Rumi-ac1d4e4	0.052716828969499196	0.8015161405808181	176.0	-4.387371859534505	6.091879817830415	21.0	1.3496538983940405	1.4672183364819686	311.0
Bifi-f633cf9	-0.8316041497531137	0.7355495109656869	35.0	-2.14126905105223	1.52501882437311	77.0	1.375776701179268	1.0080497464732079	312.0
Para-218f40f	-1.3097500139631615	0.8115360811410455	15.0	5.496024286812512	1.933018682472618	331.0	1.3969023942594616	1.4325290470317045	313.0
Clos-b708477	-1.1591893271743168	0.8875362517099287	21.0	0.630437979720894	4.881645158472528	197.0	1.4002788802141306	1.264433378752916	314.0
Sutt-222e21f	-0.3029768016741649	1.5027233849157045	94.0	-2.0268703584769763	2.707592400311159	82.0	1.4297350140712475	1.6839130303576253	315.0
Fuso-7fa9543	0.9283073583601754	0.8791269242513702	312.0	0.7763785008552996	1.6526959210710634	200.0	1.4663448875955247	1.2834577995654344	316.0
Bact-98fcc7e	-0.63197002549225	0.5475051272835691	46.0	4.7733041134642695	2.704982863101914	326.0	1.4729810334591364	0.7667310230551193	317.0
Chri-b03de84	-0.6614844431374781	0.8608630771198933	44.0	0.7565807408110526	1.6644350838949429	199.0	1.5078963681237978	1.0769960807828212	318.0
Camp-7e4c8c9	0.5061331283797325	1.0707248651113537	279.0	3.2045722490714663	3.4212182311687944	291.0	1.516762205586481	1.362510220511267	319.0
Succ-612c7d4	-1.3380598433760018	0.7576583442370868	14.0	-4.361502635229874	2.5290734975292386	22.0	1.5402395847912385	0.9037291818581826	320.0
Fret-fd4122f	-0.24072659034597182	1.695690154144442	105.0	-4.348505264742943	2.2695796632520824	23.0	1.5739569896274668	1.971044388409591	321.0
Bact-463ccc4	-1.0474404806438544	1.0771669818278409	28.0	3.897193947597424	3.089597771106566	307.0	1.7112849559332617	1.1791943030980543	322.0
Bact-26547c9	0.2248334016135748	0.7081565862603375	224.0	2.329519560323189	3.7304542852204543	267.0	1.721141012535039	1.0210778077322828	323.0
Rumi-7514abf	-1.2429542187447322	0.6313921276157862	17.0	-4.200448288681965	3.372562168788509	25.0	1.7771248611424886	0.9150151172281635	324.0
Barn-f674778	-1.5632953035412387	1.0326963963875853	8.0	0.5651416122502199	1.8464484043536953	196.0	1.8433525099387242	1.4995940121777673	325.0
Veil-24522f7	-0.5436923774253958	0.6640795061894247	52.0	-0.7012421040849159	3.8760363404310314	133.0	1.850100514521275	0.9651274395220919	326.0
Rumi-64b2267	-0.3962710529792646	0.9911810986170744	72.0	-4.888135441575505	2.7275661207040045	15.0	1.993497847461917	1.2842830771922058	327.0
Bact-5859c64	-1.6433456060891052	0.8234291935829481	6.0	-2.526125558520036	3.8213463996677772	58.0	2.0834179278028704	0.9523555080942951	328.0
Bact-4b6b872	-0.4162278194159885	1.0040647230969324	67.0	0.28732222114809597	2.335643418461272	177.0	2.133032496056964	1.226278594319411	329.0
Para-3d48874	-2.137083390731782	0.7366134760629639	5.0	-1.0534952348848796	2.6907364761174866	117.0	2.190039296836675	0.9504713510258067	330.0
Sutt-381ef54	-1.0571780896637053	0.8594612997237882	27.0	0.416872034968733	1.933371389714537	183.0	2.2375122115097112	0.9199729236166029	331.0
Bact-208134d	-2.147012615052921	1.4742008649342593	4.0	-3.891422902503148	5.425745825662205	30.0	2.3635336987966005	1.448774746970225	332.0
Leif-1ce7543	-0.8130739585849133	1.0061575537083	36.0	-5.05196879800448	2.9497528687400307	14.0	2.367754140744024	1.6254260589286533	333.0
Veil-55ae363	-1.1339253406018666	1.2667653423647816	24.0	-0.9713279496800797	2.8153146516700653	120.0	2.3739095752461354	1.4199960580437945	334.0
Bifi-c299192	0.3481425071094235	0.8964280386004844	248.0	-2.022393817948482	2.6547677447514553	83.0	2.5706691587017017	1.372290125348514	335.0
Bact-47d7490	-3.4089636451266667	1.339675910713347	0.0	-0.4463064908917977	2.1430414284251857	143.0	3.1590576819260496	1.00570501832911	336.0
Pept-1d2b00f	-3.0590442231295683	0.851407120806935	1.0	-2.2895817351428707	2.134342146024041	70.0	3.311780044728262	1.1187504936881152	337.0
